flag	type
rs371363583	eQTL
rs34722852	eQTL
rs371363583	mQTL
rs34722852	mQTL
rs371363583	methQTL
rs34722852	methQTL
rs12126142	Immune
rs12730935	Immune
rs61812598	Immune
rs12133641	Immune
rs4845373	Immune
rs7512646	Immune
rs7529229	Immune
rs12753254	Immune
rs12730036	Immune
rs4576655	Immune
rs12404936	Immune
rs56383622	Immune
rs4845620	Immune
rs4845621	Immune
rs6664201	Immune
rs12403159	Immune
rs7521458	Immune
rs11265613	Immune
rs201517815	Immune
rs371363583	Immune
rs4845372	Immune
rs34722852	Immune
